id;part_number;part_description;value_each
1;dot-com payment Libyan Dinar;white sensor local;calculate
2;Chips;Villages uniform PCI;Automotive Tactics architectures
3;Wisconsin Facilitator Incredible;reinvent;eco-centric Bedfordshire mesh
4;Configuration UIC-Franc;Ergonomic Concrete Soap Zambian Kwacha;Concrete Bedfordshire
5;portal calculating Metal;real-time discrete redundant;Synergistic Personal Loan Account Sleek
6;Borders;olive Handcrafted Cotton Bacon Unbranded Fresh Pants;incubate
7;interfaces;Garden Dale Wallis and Futuna;generating
8;Computers Small Fresh Gloves back-end;interface;compress lavender Investment Account
9;backing up;Iran;Philippine Peso Metal
10;Strategist;card Licensed Cotton Ball;mindshare Gorgeous
